ts,pmaxo,pmaxc
0.002,0.000025499535172664374,0.0,
0.004,0.000026072093064668622,0.0,
0.006,1920.905782159852,4728.140201661094,
0.008,7810.664131249891,5015.2562729911715,
0.01,5244.043462242325,8058.167256159451,
0.012,6631.55778660269,7287.08827157478,
0.014,6845.9080564355545,0.0,
0.016,5736.415463548527,13406.710707881337,
0.018000000000000002,7003.821599766595,4652.081671714949,
0.02,7035.442135869439,4976.290123287549,
0.022,8173.879508544373,10437.869622204404,
0.024,9551.876629212386,9976.588517581433,
0.026000000000000002,10802.140621464321,10011.264774960502,
0.028,13936.291333482803,13174.879660862316,
0.03,16788.0157963885,19019.27351481136,
0.032,21355.968068205162,24340.204607243857,
0.034,28401.90236799771,27538.90726702248,
0.036000000000000004,36654.374548745305,42936.37007897846,
0.038,48722.97424388712,54424.77706187517,
0.04,61725.21998542651,66063.50049522959,
0.042,73431.43638117035,75027.86094199684,
0.044,78916.8558967042,80256.39157667749,
0.046,77222.46136701226,77212.65294847514,
0.048,72974.22467605573,74498.81343364839,
0.05,66029.90939905505,69754.1988723237,
0.052000000000000005,64584.300933359846,61464.84647965207,
0.054,63970.341670469155,60777.83841617538,
0.056,59412.32976822027,65709.24191609272,
0.058,61728.88609584497,62961.85427386728,
0.06,71556.44751254289,73201.71120664688,
0.062,76017.58996429572,87122.81380533725,
0.064,89476.77766075697,102261.20373408431,
0.066,108850.78458262928,114902.22012799805,
0.068,122381.34333038256,133021.96194891722,
0.07,133858.97446545633,138696.38056538563,
0.07200000000000001,143586.4306898125,149333.20387568622,
0.074,155409.83339070002,165301.5601853485,
0.076,178121.0898124185,201919.79051146132,
0.078,225933.76205765517,261872.59998772191,
0.08,280749.3165425392,292874.9539151405,
0.082,292406.6472814248,270024.28986137867,
0.084,255998.74213571186,230061.54956283935,
0.08600000000000001,223583.03138585555,218779.0260984057,
0.088,217003.7664342321,238503.5026313094,
0.09,236460.0961758679,272720.24451888615,
0.092,275919.2549383837,313188.81410602457,
0.094,300533.9578889487,319663.93691199354,
0.096,297750.7048763772,321372.2330509504,
0.098,299293.04399843,334609.52568613424,
0.1,326067.06867490755,354089.5633592529,
0.10200000000000001,343648.45356008306,325888.3543859751,
0.10400000000000001,309220.6237133692,262585.54001369054,
0.106,263995.66943464655,248769.4916712804,
0.108,247965.4279081236,267662.336283396,
0.11,264901.7065988048,333974.6227053022,
0.112,333034.013574137,502910.86603539524,
0.114,490546.45609200734,584137.5103543239,
0.116,555817.4649874243,367144.3882197285,
0.11800000000000001,367959.49414841627,310874.9998140986,
0.12,300342.0755340158,283986.7356029091,
0.122,282646.3983429724,328676.2631920802,
0.124,333883.96787481435,451394.74350746744,
0.126,471326.73076193896,555772.9966955568,
0.128,575180.5214169158,435730.16557787487,
0.13,447902.1715019581,271979.12567839044,
0.132,284097.5370171783,191660.89068116352,
0.134,206151.46643005146,154283.6262799269,
0.136,167538.40575440036,132361.16935008173,
0.138,142557.8974999514,111000.65028346622,
0.14,122456.24257448612,96300.73541944394,
0.14200000000000002,107009.5272281959,87634.43740765189,
0.14400000000000002,99326.77298720408,79543.45993119832,
0.146,102099.9364946516,80553.7113879169,
0.148,117061.42641306538,90123.33434668946,
0.15,144569.2776068242,103319.29716342948,
0.152,177708.31201513854,129714.19129219599,
0.154,197370.92860959686,161603.89330609678,
0.156,187215.88713673636,169867.8877359627,
0.158,156660.15252562883,155715.11280154978,
0.16,126514.53689996197,140676.54476530442,
0.162,104230.37129212036,112306.4729277808,
0.164,88676.11372361363,100675.47033711213,
0.166,77270.82431418696,89106.74047379389,
0.168,68243.94920926575,75150.77712183472,
0.17,60398.06480242916,66997.04566883492,
0.17200000000000001,53287.22550946464,58729.883127000016,
0.17400000000000002,47173.2204017562,53219.94383495815,
0.176,42255.46339547235,47736.30653773515,
0.178,38755.014087491625,45022.57033466276,
0.18,36882.25112295469,42312.75304894035,
0.182,36911.90608614594,42348.88869296092,
0.184,39267.36333655179,42464.772064447796,
0.186,44683.24931904226,45610.50014729186,
0.188,54355.538749255866,54259.144292967976,
0.19,69813.0434326108,63222.439668776504,
0.192,91081.17364001375,81189.58773537935,
0.194,112532.683997148,98854.98588960375,
0.196,121342.31640355653,104539.07061041432,
0.198,111640.06296112714,100978.88072868786,
0.2,94620.95950722178,93881.03584208695,
0.202,80767.58030413467,84233.99471390145,
0.20400000000000001,72325.8368942984,80982.09879482008,
0.20600000000000002,68464.55109398415,83502.60114421119,
0.20800000000000002,69899.87110881797,84149.72037602944,
0.21,76299.2169937472,97018.71920523519,
0.212,86713.27773047842,109866.2941409861,
0.214,98823.23776914745,114469.77055315318,
0.216,106724.13505069933,117944.70597323572,
0.218,104148.45122252668,99179.02588415338,
0.22,92407.27078180645,83510.74365455219,
0.222,79262.16833986872,67984.4864351873,
0.224,69887.43041598181,61415.27150056878,
0.226,65242.47073035543,57895.74067804842,
0.228,64839.51550935926,69892.35059306906,
0.23,68791.24296514296,79949.6208317164,
0.232,78173.09004740132,97137.29646822001,
0.234,96600.29708923429,123076.21726728493,
0.23600000000000002,129984.11529426601,151239.4504706318,
0.23800000000000002,180053.98485297716,189260.85669464394,
0.24,221436.03384820724,199388.67333453413,
0.242,205476.11141730993,164850.51768182634,
0.244,151335.94966562983,128428.79816907507,
0.246,113077.8928816216,108846.67001183961,
0.248,92905.78934634571,98983.13508731847,
0.25,81714.20324411697,98247.20003627267,
0.252,74620.56405788356,97315.49756313025,
0.254,69140.35882326463,90637.93990467023,
0.256,68867.81770308991,79081.77062973406,
0.258,69340.62843503848,73583.42817292306,
0.26,66851.50079355275,68316.18727086009,
0.262,59161.7678470922,71435.61237859407,
0.264,57834.06087814427,72164.54728629021,
0.266,65062.76254297065,81630.32652295694,
0.268,78020.89480472567,88382.33789498423,
0.27,97044.77331680308,103699.4120146993,
0.272,118896.77952683666,115226.06090951872,
0.274,133120.6506494484,123694.15407312172,
0.276,130830.54137564082,136667.54618666566,
0.278,121859.43366730605,147726.70285540156,
0.28,121524.8746697488,171707.97851250076,
0.28200000000000003,137519.1126641934,205217.9032435716,
0.28400000000000003,169674.72570069012,223108.66833475555,
0.28600000000000003,215297.97100546694,229825.73536737423,
0.28800000000000003,268395.64407794276,197912.03840995752,
0.29,279798.8127691354,155758.76360504958,
0.292,199363.96660979366,116829.8812543823,
0.294,125410.75177361771,97693.34859253227,
0.296,94618.90856384848,88367.17402631657,
0.298,81403.6602878755,88461.52697847206,
0.3,77583.11077215346,91863.59583499005,
0.302,78829.56339232075,90434.89925433279,
0.304,103379.68927606835,94480.43450285359,
0.306,96871.32952012123,94625.07665901574,
0.308,114165.16680800803,97139.72601801768,
0.31,127975.38162560764,105094.06736114594,
0.312,127477.20004624696,120898.89808895875,
0.314,115226.60326605187,128624.06435817745,
0.316,103007.69045321672,149746.32278484871,
0.318,94983.22498735251,166183.54953842302,
0.32,93073.99376731082,190941.94629953298,
0.322,97043.64110965139,203910.34094810789,
0.324,107210.16939247047,176377.4217144263,
0.326,122626.98729186518,125191.43061539944,
0.328,136869.2472337173,93281.46599839957,
0.33,136398.12141951028,74576.76131246309,
0.332,116357.82003884498,70957.59064195372,
0.334,92745.19522517367,73655.17330349256,
0.336,78358.03876148163,88475.6010703043,
0.338,73704.09693383666,110951.3708944466,
0.34,78174.7643796811,148672.22248471066,
0.342,92309.81839930544,200424.63899086253,
0.34400000000000003,120958.84188172642,219088.8136620566,
0.34600000000000003,172744.92236391266,187743.61283244367,
0.34800000000000003,243286.89646676971,152405.53600103993,
0.35000000000000003,271741.82654754486,143202.8055524544,
0.352,222188.04388697134,126575.29440170273,
0.354,176086.9357845752,132864.82630644532,
0.356,157445.05239768536,152106.89435247818,
0.358,158939.7830755765,181540.2803038211,
0.36,180726.29325864237,186224.38631955066,
0.362,223893.65818193063,144615.7048787797,
0.364,275330.86012864,95157.7338834453,
0.366,247473.76440486807,69830.79827545394,
0.368,152548.36537666293,62780.464897027865,
0.37,104927.40774878323,75465.44481360231,
0.372,91139.81388287648,39951.50899699021,
0.374,90700.7177142576,80987.93553346513,
0.376,88837.1143693746,74238.15052352137,
0.378,102279.49173733874,82937.84350546171,
0.38,129562.89432259672,97379.24482062082,
0.382,155248.2955370747,104614.12257315821,
0.384,145721.29889720955,91878.80199654664,
0.386,106281.73229498786,69057.24728727473,
0.388,76152.68622699083,47252.43180781795,
0.39,60339.62204987113,36970.64570412645,
0.392,52902.94783019551,30850.883673571876,
0.394,50742.311403726635,27216.99963246818,
0.396,52694.35719041647,24737.79023974363,
0.398,56631.426209706784,34718.89161110906,
0.4,64293.818656088035,25862.193047542965,
0.402,77422.05416854148,23147.249403030048,
0.404,99288.12920027245,29162.967215257166,
0.406,129251.65660295336,38875.3497487572,
0.40800000000000003,147108.91729474728,71268.4340386086,
0.41000000000000003,125340.4211816025,79794.00151596009,
0.41200000000000003,88050.47751391765,134696.62124088567,
0.41400000000000003,65269.01976442835,216569.85444122305,
0.41600000000000004,65077.32542933763,247899.65422707677,
0.418,68620.50278309369,160043.38082583575,
0.42,63409.53432185285,95498.97356865353,
0.422,63807.83486771875,91885.03786313153,
0.424,137770.2525046729,156108.944156423,
0.426,85356.83870135742,106283.07242956525,
0.428,111429.07121724398,120991.80587351002,
0.43,134928.93800842378,254290.03647434077,
0.432,132666.31904215852,262326.68040794745,
0.434,104142.99022013479,322313.5178984716,
0.436,76499.48883728373,278258.01374080026,
0.438,59710.33354196098,192113.3031010047,
0.44,50068.44109534893,145115.21949755008,
0.442,44798.383500982425,110499.3675434294,
0.444,42480.07096096484,102163.37132829678,
0.446,42333.64069621946,99268.52485685081,
0.448,44275.505338271716,113792.79022014809,
0.45,48251.85727083965,121106.60460274965,
0.452,76282.66336254714,129250.2527221001,
0.454,64725.17405272303,146604.87466543517,
0.456,79908.62413519794,166865.75497762815,
0.458,99600.70517491692,173283.8374904359,
0.46,117045.23992353541,144794.91764224548,
0.462,123794.14642212115,106895.86804521178,
0.464,114746.12858000003,87149.25705548638,
0.466,102768.96491105345,93557.4428681303,
0.468,102247.57626370667,86183.19921914332,
0.47000000000000003,114116.65338554863,80653.83163504003,
0.47200000000000003,140441.86819391183,67788.29721834355,
0.47400000000000003,182349.2006588778,75908.5422973287,
0.47600000000000003,230035.97562967314,112752.56490184262,
0.47800000000000004,219497.14757689982,119060.01415862929,
0.48,155778.70182094528,88144.00043300352,
0.482,118550.82236355759,128838.16342695683,
0.484,109226.15171735559,199103.76376900298,
0.486,118586.09440754318,159357.43710311517,
0.488,147957.4818764276,142396.44200510465,
0.49,203279.43827942153,129904.87438903993,
0.492,299808.2797907287,118284.91189198782,
0.494,378338.0611444387,114480.59934823825,
0.496,280540.7308642178,130837.0740946315,
0.498,164013.96636055433,163260.57585507867,
0.5,132534.83290135732,204982.2544385446,
0.502,132458.83384905563,236974.08039391213,
0.504,149564.6723995056,233848.5945772067,
0.506,206247.7745494671,210482.94363807884,
0.508,299420.6320851707,190901.30104703846,
0.51,337159.793484777,184208.0619673385,
0.512,256711.71166260669,167999.9419393177,
0.514,180139.36782660746,141361.48729948318,
0.516,144382.8175297618,104170.15562759605,
0.518,130652.35834434986,89496.9303294878,
0.52,129303.77864217418,65661.19569228374,
0.522,135113.2653518028,101824.70486871942,
0.524,140880.75754779787,68657.87544795297,
0.526,141869.70938321922,73970.06158898366,
0.528,133990.3361489389,78470.33806088996,
0.53,123095.48482229699,74507.37535340182,
0.532,109838.61873260605,119189.75686756735,
0.534,96117.52834836785,103948.52613395566,
0.536,86833.92048218472,104858.69317501277,
0.538,90076.16534995461,113679.60593665436,
0.54,101892.41133812508,119166.39293152728,
0.542,120989.57996195831,120527.97192109606,
0.544,144729.88786925416,126158.86671734432,
0.546,170474.61991978926,146963.7240904095,
0.548,194325.73588921063,186953.61649452974,
0.55,210865.47455368625,259215.07690064007,
0.552,217075.30921802198,296167.1319997591,
0.554,198244.10091842388,239134.73932658814,
0.556,152330.63864369658,171224.7884054368,
0.558,112248.34300019457,141891.01887329257,
0.56,88339.82673078544,124456.39066275604,
0.562,79833.7480245098,123193.03285321541,
0.5640000000000001,99739.25632821298,133024.05269691313,
0.5660000000000001,109726.38669443154,148990.96694331302,
0.5680000000000001,137032.2811747641,146306.3443578094,
0.5700000000000001,170448.5076990676,132354.12007843214,
0.5720000000000001,182162.98906553996,120800.89649150115,
0.5740000000000001,162813.33075192347,115057.24823935464,
0.5760000000000001,139123.62943237452,119667.77003287258,
0.578,123344.13024327495,131511.33629195,
0.58,113063.45406729396,132681.23983011008,
0.582,108345.18716609247,124841.94679547095,
0.584,111305.67553051839,112534.61056431635,
0.586,122097.35349872161,102345.00269640141,
0.588,126790.72169198924,87163.34194737,
0.59,123148.66365839125,71392.30569128985,
0.592,105992.07153005083,61427.09149731855,
0.594,86888.81197507663,68132.69990601251,
0.596,75727.27799150252,62715.319083386225,
0.598,75699.55864621326,38790.79542288216,
0.6,82119.8352303135,86418.38062581533,
0.602,81890.99811752279,104147.99860383,
0.604,73193.32938378933,103420.68537093428,
0.606,67650.00989962052,137082.01635941514,
0.608,69811.95030238129,172987.131257213,
0.61,78903.3124741492,194845.19263040056,
0.612,92287.35666218607,204488.69198696734,
0.614,110404.6298760054,183781.03702589642,
0.616,129495.84283922659,150065.23113129567,
0.618,141472.16654799163,117825.18552793369,
0.62,140133.7574189982,129331.07723715215,
0.622,131379.5821121462,126529.1312416617,
0.624,121621.95115883369,92478.60167463045,
0.626,111101.49838350428,85719.55260824905,
0.628,99118.16797355433,87866.73279318251,
0.63,87150.45400802056,71134.24919177813,
0.632,80301.70102058297,62478.7636456065,
0.634,78606.0145140705,92182.81232491774,
0.636,88073.04883043897,98552.28929555649,
0.638,105385.45332301884,106286.09021429237,
0.64,118036.97604988563,117411.6836245559,
0.642,111835.9011013054,124479.3236010676,
0.644,125022.64516587005,120084.34354021472,
0.646,120500.34685986093,111845.57491497064,
0.648,100558.44863257685,98985.97066982325,
0.65,77996.50991977677,71943.03932441257,
0.652,69684.76068289983,76355.94562045344,
0.654,69411.6760784012,62602.02986121937,
0.656,75819.76585480083,59416.25012367138,
0.658,84587.74380491258,61752.27096689275,
0.66,97140.02353204568,65009.317702087756,
0.662,108817.12151021523,65840.28798438219,
0.664,123834.38136252874,71788.23312519613,
0.666,141503.50635851096,76093.45452742775,
0.668,151254.80032275128,93684.28202520976,
0.67,139918.400402669,122889.25637753127,
0.672,118079.29115270697,155408.58184560732,
0.674,103001.57890444512,189747.20188013485,
0.676,96883.15065003553,193333.04139201815,
0.678,97561.23782081644,179383.69318597743,
0.68,95830.27519079729,131261.6716781528,
0.682,91411.27845919623,100771.33991533387,
0.684,86777.81531429218,77505.3488644915,
0.686,87062.95456575899,64898.46017528578,
0.6880000000000001,92666.10284732112,63041.97701215508,
0.6900000000000001,107978.04919513162,62824.07109997918,
0.6920000000000001,135844.57014435803,61333.72819909494,
0.6940000000000001,168065.40779837163,64967.500169934014,
0.6960000000000001,184616.59071108417,71478.5228870156,
0.6980000000000001,168296.87844983576,84377.22388704435,
0.7000000000000001,136309.04023858203,97951.6348502186,
0.7020000000000001,107650.93133987758,99590.75092102124,
0.704,88077.41018318542,103578.55764947944,
0.706,75501.06020295413,99211.73235019363,
0.708,65462.16631166133,91402.9973128762,
0.71,66184.3849098337,96357.82276484503,
0.712,71867.47372370776,105908.71196361094,
0.714,81227.73334261648,119867.23876563708,
0.716,91503.0929400695,141703.4912284965,
0.718,98334.90589107569,164315.84717619885,
0.72,99003.4196715958,182158.20649253667,
0.722,93978.89650433266,172527.49073351634,
0.724,88172.0500437414,151845.7911151635,
0.726,85687.32947104052,119893.81313930496,
0.728,87097.90441706427,97836.64516757413,
0.73,96480.09964994018,148580.44127130654,
0.732,114444.43626493776,76118.5940060607,
0.734,140583.2819241371,70157.86681729538,
0.736,157399.57039502324,71201.94749047369,
0.738,153921.97655240062,143541.01784521266,
0.74,138268.36548901116,112674.47528353459,
0.742,126018.00908517648,118956.94325845742,
0.744,122691.34131306723,112943.81203981729,
0.746,126853.1219662549,118838.97050159881,
0.748,134927.5796474165,144011.36378669465,
0.75,143898.7510900854,171900.87453119046,
0.752,147939.66871302074,194991.9391594068,
0.754,145056.1057565587,191880.05456041722,
0.756,131175.9714657001,183658.73523324582,
0.758,107008.45462628703,179845.55373854536,
0.76,82821.21338653394,147189.38951857114,
0.762,67627.75297007617,132791.7120295418,
0.764,61853.687157271874,112461.47371531343,
0.766,60896.35985563968,107339.9604616133,
0.768,67719.05530220551,101451.09021460137,
0.77,84060.69344118568,87856.54767376246,
0.772,109934.41855032978,73711.29557817406,
0.774,139796.46584164392,67523.22069768439,
0.776,147651.1585464906,65330.764482845836,
0.778,121519.06273297554,75617.92891977125,
0.78,92948.6693500195,87755.74779244237,
0.782,78362.76417160354,98113.71103116579,
0.784,73970.06906918976,109406.09859210055,
0.786,91908.14622327416,120661.56462626277,
0.788,94654.90831856911,219468.4759189022,
0.79,117243.83635890872,229604.2715622586,
0.792,154846.1311466385,200300.2374928031,
0.794,185384.0394248038,161841.75653839312,
0.796,169919.6455387235,133213.60486232414,
0.798,128629.41479356833,121892.12197261075,
0.8,122916.84592525597,118935.14404440063,
0.802,112190.22084663704,109964.17599598123,
0.804,95798.7706573442,106337.35840212052,
0.806,87273.7564363402,98596.2053383153,
0.808,92402.19232135582,112796.01201685103,
0.81,103089.77809376743,108687.49583117837,
0.812,114559.54813428562,120230.80891108805,
0.8140000000000001,112379.83391069771,126030.51492283907,
0.8160000000000001,104786.77783081272,135769.82227609187,
0.8180000000000001,90582.08352148625,147438.85610846247,
0.8200000000000001,92127.32094881256,159299.35494538836,
0.8220000000000001,106601.09279180047,145790.9971734237,
0.8240000000000001,142042.907227157,114385.49201154232,
0.8260000000000001,160977.00766222063,96363.4667305284,
0.8280000000000001,152302.64579004547,92019.95406023179,
0.8300000000000001,142095.2743079991,115512.07939612475,
0.8320000000000001,130131.3764362874,96144.49551718001,
0.834,116506.4158454967,117854.21366299318,
0.836,105697.7639691199,128238.1006536613,
0.838,105381.21209644455,142514.9247806285,
0.84,109139.48227718043,152745.38865042024,
0.842,112156.67686185616,142158.78779196006,
0.844,108042.93682702587,109814.9804106649,
0.846,94015.10039186165,86161.3143529181,
0.848,80162.97272144895,76073.84325202442,
0.85,74945.24119971039,67313.97741376869,
0.852,70556.1394358831,71107.81586507476,
0.854,74722.7488594027,74393.7440037258,
0.856,75756.91816571867,83378.08566995706,
0.858,88646.79860780048,107363.44194145662,
0.86,109297.51780602941,142680.8193186551,
0.862,137909.92088906514,157087.36011274994,
0.864,166772.1750148805,156444.58204845496,
0.866,176134.21638557778,133342.0384132596,
0.868,158484.94819317336,126313.54343498866,
0.87,133383.69630955238,113716.36976933466,
0.872,116795.45008135564,105866.20291579123,
0.874,109024.76461102684,109541.71680407171,
0.876,110607.90846758554,103467.90618300864,
0.878,122275.41746154118,90454.98244074278,
0.88,119520.611384029,87153.71351348463,
0.882,123747.9775650951,90232.6540298535,
0.884,134729.73082958965,81880.11997598458,
0.886,138794.24383688116,82918.68718115549,
0.888,128758.12061555796,80860.82429174252,
0.89,128636.95224112808,87626.8494837908,
0.892,139620.26015566298,94186.37365555215,
0.894,151147.74319513445,107396.16377277511,
0.896,144940.30841325186,119517.11439417212,
0.898,121178.94574678865,128334.58289371217,
0.9,95634.9694029263,118298.87544294838,
0.902,76862.67161248683,105756.22860007093,
0.904,64448.89396136797,109743.38068881155,
0.906,56711.67040539845,115149.88762111025,
0.908,52238.89870628855,113979.41640648295,
0.91,51536.731891252566,121594.83801312261,
0.912,53732.06201521786,140659.24156216366,
0.914,58636.39145822246,112698.65517501057,
0.916,66219.23290822626,114525.32965907082,
0.918,74112.64207568864,89471.86326046102,
0.92,81486.89628899282,84352.51508172869,
0.922,89996.93677662857,75137.86919394086,
0.924,96728.38290882223,69055.40283509986,
0.926,102109.11512039811,76771.0438231331,
0.928,108881.6470517238,89774.26682352145,
0.93,117085.5176976223,68144.44404111705,
0.932,128455.2551914935,56294.99548199053,
0.934,141691.80218079864,102761.2720066172,
0.936,140802.91509204442,84885.90881923339,
0.9380000000000001,133861.88882692732,98971.72871071075,
0.9400000000000001,124422.41306091586,99486.2763379125,
0.9420000000000001,115494.1617531211,112081.33479931683,
0.9440000000000001,109745.13736420714,117029.49597839144,
0.9460000000000001,109966.98530295787,116398.45370250661,
0.9480000000000001,117170.17084940062,108171.55319959551,
0.9500000000000001,129558.62469455902,115430.68311611774,
0.9520000000000001,139046.71912228363,132745.47337592498,
0.9540000000000001,135147.4885184347,142511.9555029507,
0.9560000000000001,121363.36155642595,156461.07289264107,
0.9580000000000001,106764.02601334955,180632.5252852135,
0.96,98384.97636977899,192648.5423739355,
0.962,95998.21866206637,177905.00162875498,
0.964,97662.96446500551,139305.85267580446,
0.966,102603.24322067315,104334.83191843588,
0.968,109657.38522645306,85720.1670635351,
0.97,114605.53186856747,90689.99983739469,
0.972,115343.24939327723,145680.36757558462,
0.974,106638.49682476862,117718.60446725793,
0.976,95863.82249555037,107200.9609940128,
0.978,90101.24765376883,103197.94124156245,
0.98,90368.0088247773,167808.89225786395,
0.982,95774.86742671602,132291.04366724042,
0.984,104332.31073028091,137613.3814292637,
0.986,113519.07174645142,135044.94053037048,
0.988,119401.75538236642,133791.51883618752,
0.99,122035.08202088147,151477.9908224961,
0.992,121759.47548747252,149431.08922697196,
0.994,116609.53187526873,155044.11903697895,
0.996,115432.30043314894,156654.56027858699,
0.998,123738.19457547646,159337.95663007558,
1.0,136155.6930187493,141363.92685198758,
1.002,143412.96746420406,121306.40204497281,
