ts,rhoavgc,rhoavgo,rhomaxc,rhomaxo
0.01,984.6172523085683,984.6182302874621,1000.1829373748121,1000.2166670551015
0.02,984.7345071148216,984.8357883324641,1001.097723067234,1001.0828878655972
0.03,984.5478525355447,985.2066321589197,1001.5844171243755,1001.4984486404088
0.04,984.4960016249389,985.2724085123459,1001.3146603777354,1001.9809007931799
0.05,984.1442494394877,984.9705012928848,1001.8176220340781,1002.9117072535379
0.06,983.9479144132549,984.755632980116,1002.7492611136911,1003.7333780470815
0.07,983.828280973481,984.6479486935317,1002.4749419825484,1003.234527873806
0.08,983.8446368680294,984.6633360405074,1002.1632156702783,1003.2011050446191
0.09,983.9634677689692,984.8137442527161,1002.3294926192614,1003.5318025724196
0.1,984.0792941387492,984.8875268008296,1002.1360030869764,1002.5043117986512
0.11,984.2724932519557,984.9856106119129,1003.9827824812994,1004.5705052553299
0.12,984.5955709696678,985.1749630829784,1002.9508577420163,1003.4678967558427
0.13,985.0278599272671,985.5220650881113,1003.712670866703,1005.0269567951757
0.14,985.4472524758047,985.817821147646,1004.86292849276,1006.2262625270882
0.15,985.8609729394649,986.0492516728362,1003.4493110441862,1005.2784552098246
0.16,986.1969840434195,986.2588464117822,1003.3670401459622,1005.4331468065641
0.17,986.2725492982597,986.4436766974318,1005.8706976733279,1006.5560135409221
0.18,986.3056810846776,986.4149124846668,1004.5767234046946,1004.8107067180506
0.19,986.4126369051974,986.3998647585992,1007.3983598671725,1007.7858373750653
0.2,986.494858741158,986.4354576890573,1005.8715078412381,1005.4569337802125
0.21,986.5655901967897,986.3443181957234,1006.3012572819052,1005.1052625697921
0.22,986.7053946060608,986.2590519468803,1005.3377935188688,1004.5715179153303
0.23,986.785025081842,986.2675933514225,1006.4964134913673,1004.545669971352
0.24,986.9323132769256,986.3763509926331,1008.1165634692715,1008.1152520149581
0.25,987.2304802269169,986.5992018320126,1014.2850374369955,1009.1239453119456
0.26,987.5130061433132,986.9000038637157,1011.4955646423009,1009.8871985295805
0.27,987.7622124534804,987.3027046006957,1009.9930154519309,1007.1174216085413
0.28,987.9154463435427,987.7976475989288,1008.2874700444438,1006.1269368511162
0.29,988.0472324800138,988.1478921758217,1005.1654464153065,1006.658085038787
0.3,988.1819209693783,988.3641170296047,1006.1551178980303,1007.7005899908943
0.31,988.2609935501906,988.4245284205084,1006.273302772955,1009.2323744137325
0.32,988.5195417265535,988.4561273852743,1010.7356735386767,1015.4698977513773
0.33,988.7652491427048,988.440237387481,1009.5946653901512,1016.189621173171
0.34,988.8826862618439,988.1535727391021,1018.3520319935749,1010.8231752951132
0.35000000000000003,988.9234997685371,987.9526481772726,1013.0278579544868,1015.9093907920302
0.36,988.9796629561106,987.73819560065,1012.1241640317016,1011.9026387821648
0.37,988.9411024063743,987.7786608176431,1010.7911208326187,1011.682535548114
0.38,988.6831971363131,987.6699829574831,1009.5683754740597,1014.1181653554947
0.39,988.4752077887456,987.468844063533,1012.2090893354406,1013.1850082564692
0.4,988.2887058187555,987.3056043465873,1013.6235606217456,1015.5272177256014
0.41000000000000003,988.3984826452962,987.2645415000426,1009.1588800549112,1012.27279743459
0.42,988.6504172981435,987.3401058398091,1014.724998328569,1018.5544366387066
0.43,988.6073603819044,987.203393554909,1012.6132172255394,1013.7895046041724
0.44,988.6506182307812,987.1104931530257,1020.3634141848086,1010.5447205244279
0.45,988.8000412692314,987.2479747701873,1015.3570955467035,1024.5474833608023
0.46,988.4473172828898,987.5021263905762,1014.1608757791043,1024.325406493137
0.47000000000000003,988.0933614850431,987.9747512175478,1010.968898504022,1021.6445960750376
0.48,987.9992844646245,988.3691472804891,1012.9696717594805,1022.7231791105568
0.49,988.0572170873498,988.7977485906353,1012.7019297015224,1032.2482111517859
0.5,988.3986320840279,989.5885528117194,1096.7860439395365,1143.406027120207
0.51,989.1403841782584,990.3638319202257,1209.8652764398705,1236.2055295460432
0.52,990.9719117910937,989.5120707118573,1157.5357416999714,1039.4575829944426
0.53,990.6073298125115,988.937665678491,1024.6384372901327,1081.5035544968669
0.54,991.0979399748832,988.584640588023,1095.245376856174,1090.1420046897767
0.55,992.4911872914025,989.5662537739711,1222.5752126655188,1093.5428808345657
0.56,992.0032976718034,990.2126761321359,1144.7159637212394,1077.9610725213215
0.5700000000000001,991.9206283434625,990.0442681264602,1113.9693755520514,1098.9173145177515
0.58,991.7418984703868,989.5509764796261,1068.642220703409,1100.4797336966035
0.59,991.5581826051308,989.607924780814,1084.8805542554048,1106.0692765512526
0.6,991.6789578931473,989.8206926506482,1059.2573157189506,1130.3040880752064
0.61,991.706979673364,989.9413314098911,1109.178742314686,1066.405590284548
0.62,991.6469222024688,990.4036293721666,1135.0054473700632,1047.9652406934433
0.63,990.1406571966008,990.4055274510711,1128.134625235075,1094.6274012687566
0.64,989.0999993107845,989.9150438297659,1085.8141885848609,1102.105649242738
0.65,988.0783476510669,989.7836492854165,1039.0398353288012,1055.8779538268316
0.66,986.7961413147981,990.0266913184042,1033.469417622742,1072.9254840010117
0.67,986.0605574460966,989.6278628930692,1043.0862089593081,1066.7690108865934
0.68,986.0316100087238,989.0092554954093,1074.9693710954461,1033.7823032839754
0.6900000000000001,986.1325317895074,987.8488918417793,1090.1867396234773,1045.9891947627166
0.7000000000000001,985.7326351608062,987.2867530255388,1043.5897763274158,1089.5649090118793
0.71,985.5498517956446,987.168741079037,1056.781334639915,1044.3052036877384
0.72,984.6301830281545,986.775144425581,1032.8087117604334,1027.1680360947782
0.73,983.738564028263,986.5511348558294,1069.8574558748323,1022.7535245406252
0.74,983.5806814776715,985.9647181966942,1061.5378115399535,1028.8786792758756
0.75,983.2844438797431,984.7992557448756,1033.6918507747182,1033.767117259276
0.76,983.0195163133509,983.9106509477582,1017.5431344641794,1039.1958211452106
0.77,983.0591944179356,982.663641168386,1028.4482135694952,1032.3833506900426
0.78,983.0157063998072,981.1931179037142,1040.2371311849306,1029.1677440061987
0.79,982.8998579570845,979.815233672377,1036.6373626838333,1030.0458842013031
0.8,983.243606013586,978.4812498516715,1032.1746970202032,1027.626976839809
0.81,983.251343624181,977.627745100025,1050.7646281774464,1028.14702123359
0.8200000000000001,983.0336701776631,977.3645824742853,1023.6078386619038,1025.4653214777995
0.8300000000000001,982.8519657451125,976.7044260213706,1027.2999746312619,1035.9346075794192
0.84,982.2710646420627,976.0819742224269,1032.8340340270424,1030.0878875423414
0.85,981.5126945117718,975.7061145495114,1022.2205081164357,1020.2094350189569
0.86,980.862416495219,975.4331781464218,1023.4367250888956,1028.3228040238553
0.87,980.386931402912,974.9362565761302,1012.8085232215191,1017.5517168748568
0.88,980.0689290269156,974.9294350552213,1019.7208816173403,1023.6270124636528
0.89,979.5385845545686,974.2771551258566,1018.4631524224276,1027.7866905153369
0.9,979.1958946618745,973.1330506604199,1014.3745417155192,1024.1737010603806
0.91,979.3054178052294,971.9536639480636,1016.9863949169309,1022.4561769715457
0.92,979.2024794251621,971.0581681701553,1014.4509139634301,1023.635253639623
0.93,979.5192483474675,970.3853885888145,1023.2241780966589,1025.2394540699104
0.9400000000000001,979.7205818786537,969.7021733304805,1017.3734119298961,1015.3787661152751
0.9500000000000001,979.1078567998218,969.3668730248697,1022.6344579860361,1013.1556784229922
0.96,977.9444559177049,969.2505809982459,1017.6473387715059,1012.8580731040356
0.97,976.9389401623337,968.7613341617177,1014.0793644807874,1017.7242931144034
0.98,975.9180230294379,967.6530830937135,1013.6903490066237,1030.893009876967
0.99,975.1146278486804,966.608162045403,1018.8319637805288,1030.0062522019596
1.0,974.3880796833988,965.6610190513177,1017.4076009559025,1030.7802793283333
1.01,973.5925942855131,964.934672486388,1023.1491696827414,1023.4267067411845
1.02,972.8623816962631,964.5391474188509,1023.8089332527716,1035.950644966611
1.03,972.5974999123508,963.7039476699673,1021.0651268338665,1026.5016100978007
1.04,972.203218694334,962.6184589547449,1019.4062974002419,1024.4727592677746
1.05,972.0531100881294,961.3432826243461,1017.0742095031693,1017.5287634229181
1.06,971.8687455070199,960.0686600762642,1021.2422925965187,1016.274845603137
1.07,971.6123091009802,959.3866950826413,1016.1186432123394,1013.2679574948345
1.08,971.2338318162169,958.9377622358404,1016.7985263671521,1020.108597242616
1.09,970.8946194068269,958.4890665285798,1013.2293012695258,1014.3552212373727
1.1,970.7866614186643,958.0457204282294,1010.6994069880019,1015.6345195192689
1.11,970.3686612236952,957.5870316975113,1012.1472508598457,1022.6906144783172
1.12,970.17924680315,957.0477400926579,1018.9144602320256,1018.0287747507132
1.1300000000000001,969.7953056637725,956.5462963453931,1017.6880128466303,1016.4672703773676
1.1400000000000001,969.3565051323836,956.1801512608263,1013.2714579313039,1012.9961067136238
1.1500000000000001,969.2030499210783,956.0229629782684,1017.442320980637,1013.1530355272174
1.16,968.8327718268947,955.7518048985163,1012.1203705773777,1016.8698805977047
1.17,968.0941737260439,955.4552304751383,1017.5273610417487,1012.8302183209631
1.18,967.2727159454016,955.321548816141,1015.9985082647036,1015.3960990671529
1.19,966.5731719921303,955.5332543636974,1010.591180920646,1022.8057945768415
1.2,966.0550887738948,955.4636796292875,1013.9690464549676,1013.8617338034219
1.21,965.3972259250831,955.6007236853246,1014.4655864216013,1013.0090449684758
1.22,964.7725183090598,955.459283796436,1013.2975076938781,1009.2458190808244
1.23,964.3468495253518,955.3830857029421,1010.3108796862937,1009.6508224700049
1.24,963.6387401394866,955.2449177710646,1008.9534946161554,1009.5237149250424
1.25,962.8720238360072,954.848986118218,1007.8975704144923,1014.1241906185658
1.26,961.9548769334143,954.2582510650528,1007.4849500573084,1015.6460627843545
1.27,960.8462476869352,953.6891604954977,1008.8140639100474,1016.5572245949733
1.28,959.8610858492181,953.008979387019,1011.3105445561889,1012.533311994003
1.29,959.1197814686146,952.3927615034537,1020.2119256063047,1013.0871097977101
1.3,958.4662749765401,951.9675750861826,1009.541304439482,1010.1730174978848
1.31,957.6529086974728,952.0119787243725,1016.4151381232747,1009.6513635434932
1.32,957.076646797834,951.7240576538052,1011.0303148751273,1008.9255493676753
1.33,956.6752049267311,951.2324600249339,1006.8486890912743,1008.4825519847047
1.34,956.6523384239946,950.5682819951313,1007.6243343796223,1011.7363177226479
1.35,956.469055509777,950.0994417259568,1008.2968549377746,1010.4663238177168
1.36,956.4742203417372,949.723708386812,1007.4467368969154,1013.3469653614562
1.37,956.42177992902,949.239270985491,1007.123492848261,1012.4305842508985
1.3800000000000001,956.2574236364085,948.8761787261886,1009.3727363968716,1011.4846307650736
1.3900000000000001,956.350362747891,948.5556903319394,1006.7742102353716,1011.1399035057257
1.4000000000000001,956.6466305692179,948.298288008099,1007.9783885978052,1012.4962689464629
1.41,957.136083667054,948.2770011528044,1007.8095037197957,1010.7469286867604
1.42,957.2313182994171,948.4009122066237,1008.3493265000982,1009.911240748324
1.43,957.4459598498258,948.8684896351111,1008.1571239006657,1022.7053324036403
1.44,957.5876413382447,949.8181658328386,1007.5362556596777,1018.152135641326
1.45,957.8671976081506,950.5429970403878,1008.4517694454441,1011.6072582198605
1.46,958.1562398627542,950.7662052432235,1008.0596746963434,1009.5327836835461
1.47,958.6086110954071,951.2076662577455,1009.0185810095049,1010.6433303578098
1.48,958.9621798668429,951.6609738768345,1012.042742897199,1008.9478663928523
1.49,959.340814497274,952.2300055409643,1007.6915792036191,1007.196452658395
1.5,959.7449868405744,952.6762325314778,1007.5269249455373,1008.5672325675857
1.51,960.3046126857992,953.261968327666,1008.1788630983075,1011.0188156792073
1.52,960.5647070818229,953.770890508488,1008.626926008153,1013.4668171322455
1.53,960.2431065388118,954.0662196633518,1008.7507319125826,1018.9908348930113
1.54,960.0552968105894,954.428230006499,1013.4454440293476,1013.1740626901923
1.55,960.220068915425,954.5141352208991,1012.8691058348625,1008.4923209299116
1.56,960.1207652833058,954.3491524580838,1010.0773622540572,1006.8789167154935
1.57,959.9491346525263,954.4188853198227,1012.3987852574829,1007.5552249282241
1.58,960.1654804612228,954.7148545979124,1016.4133731384173,1010.735570595116
1.59,960.8360082071141,954.9133838665877,1013.5241075476093,1009.0874696035667
1.6,961.1264276318101,955.4681657816426,1015.9169404682467,1012.6331912566027
1.61,961.116410830114,955.9763071361288,1009.8642835213068,1013.3572165983488
1.62,961.0979371894716,956.2621079958826,1010.7742801606776,1018.2385109367423
1.6300000000000001,961.1183505004251,955.8771852817506,1011.5844612418942,1010.0399103081251
1.6400000000000001,961.1786297572409,955.1214753349094,1008.6976855127047,1006.7951081439106
1.6500000000000001,960.8135734112143,954.6355554908342,1010.5854502925453,1009.7233478769119
1.6600000000000001,960.4552604379164,954.5975296695228,1023.0281928898141,1016.4190402335158
1.67,960.5422511705913,955.003465000059,1022.5705971552298,1013.2923369360815
1.68,961.5339095218501,955.6344271357605,1019.2586009436895,1017.2996143497761
1.69,962.8525964399811,956.3077650848965,1013.7480159801844,1023.2009954332025
1.7,963.3971836780198,956.46613155217,1010.6308318905424,1019.6038660754451
1.71,963.9223887612079,956.8464573802413,1012.168676517932,1012.0734543603423
1.72,964.6178393690742,957.526879965301,1024.5483271852477,1018.909134844128
1.73,965.2085566378346,958.2788794200388,1029.5312730522248,1020.3513265709222
1.74,966.2405340847571,959.9286686373424,1017.6833024188865,1023.1363075520737
1.75,966.8591154425452,961.6463660482586,1018.4994434392,1019.131826359167
1.76,967.3527178432211,962.8428063139165,1014.9445230086055,1036.7010255533605
1.77,966.9102695302048,963.5153417419073,1013.7348822575212,1029.5504301937158
1.78,966.6524243983672,963.6063973981578,1009.8932092601157,1013.0801552817913
1.79,966.373432865475,963.4886193911192,1009.7943332385821,1016.4970677034248
1.8,966.3666839720345,964.1647417485568,1012.5349835053712,1015.1306287179883
1.81,967.3330669379975,965.3225409205801,1021.3899398625039,1013.047408098839
1.82,967.8513421262677,965.7330383902568,1018.4878635357777,1018.5033521441998
1.83,967.8905502652216,965.3595471169964,1014.8776329777002,1020.7618854503676
1.84,968.0668964472161,964.8512845194261,1026.2863666534477,1013.2789712645302
1.85,968.4082655158204,965.1586666152161,1021.0167765025291,1011.598838883067
1.86,968.1198219581353,965.5163514696951,1027.3080603708497,1019.7658473213849
1.87,968.6349820912242,967.0375331946201,1031.034840247501,1058.8613730485015
1.8800000000000001,969.980338782443,967.1261519141087,1053.9084647754626,1026.0605142674199
1.8900000000000001,969.1357736611218,966.3431923696842,1021.9597116024117,1059.0082780961359
1.9000000000000001,968.3317048881022,965.7636812626904,1021.5998892637816,1022.8944313077668
1.9100000000000001,967.7488782283694,965.7037250240311,1022.7133302145029,1026.1913435282272
1.92,967.1977496405415,965.9692443263539,1024.1962932171805,1084.757753971108
1.93,966.1135203103634,966.3593686503207,1017.518084261058,1050.803550336067
1.94,965.8890106330815,966.6566260645037,1024.8874685078094,1020.9276351569775
1.95,965.1305867365487,967.8421688031918,1016.2374361001115,1048.826239467378
1.96,965.030750091641,967.6197062346307,1016.758470896526,1045.4709256755857
1.97,965.0723842916219,967.0546947144484,1020.228862356226,1025.505037089018
1.98,965.3642829021385,966.4056363438428,1031.4881515692773,1029.8448324300211
1.99,965.3537057154967,965.4066374141116,1037.3138726215338,1031.822496854898
2.0,963.8216760619864,963.7449681640381,1016.2414140058096,1025.5834277724841
2.0100000000000002,962.9659605222439,963.6741927963908,1013.3504083328636,1054.8737273522509
2.02,963.169525680075,962.097953658303,1015.2407834566801,1057.5970809682585
2.0300000000000002,963.7315984584011,961.0964621000189,1031.7459803404463,1037.5955443787059
2.04,964.1307630800458,961.0751514727314,1039.2910018690307,1053.9745500774288
2.05,965.9951575753842,961.7108478920185,1044.596351452854,1044.1195358807493
2.06,967.7292442149095,960.6382263662607,1032.1608830864052,1015.7858853502024
2.07,967.1854273343054,959.6382309134336,1021.5179248606064,1026.9462123093044
2.08,966.4052978064309,958.3444136988036,1019.5453969280932,1061.2269335611013
2.09,966.2932697218305,957.7060187065109,1057.196345668648,1023.852299662312
2.1,967.3741990336559,956.3023651416785,1069.0031954416368,1024.7831767156338
2.11,968.466982852414,955.486911909231,1036.2046930780184,1018.565497073594
2.12,968.9290872586004,955.0905523236966,1037.2395658852322,1018.5898598503517
2.13,968.5272006549392,955.7343026506877,1057.042071412671,1018.6537183251434
2.14,967.150401333215,956.6217515681876,1052.5363650869099,1012.3506030546341
2.15,966.1520002517736,956.9967817551699,1036.588740837256,1018.789365108061
2.16,964.8797877792001,957.3792532960055,1030.7595972779525,1025.6493366373702
2.17,962.9232296098237,959.1739434384615,1021.2267549202043,1041.856612278051
2.18,960.9928643614619,960.558831798297,1069.0468622209678,1077.9565192152859
2.19,959.8520019517259,962.338898534808,1123.7764385131939,1056.3003085744435
2.2,959.2749532395543,964.697287480464,1018.2467197851854,1084.6073032494394
2.21,959.9804671620923,965.3707116985877,1011.0330911644216,1037.325175108787
2.22,963.5433696201974,966.9806246755056,1048.2871283933896,1050.9578358507647
2.23,961.0590497785978,968.1374718432481,1042.6573397153625,1134.4076134148524
2.24,962.7836668034702,967.4551827721747,1086.8277765361274,1077.6244655753985
2.25,962.1276154288399,966.7883731497127,1074.8276925523576,1051.0469528489034
2.2600000000000002,962.1216243437634,967.7197729038518,1042.5732048862815,1057.8565921406644
2.27,964.1581373223737,966.9762847904077,1140.8681667476285,1022.9367393023267
2.2800000000000002,964.9472072749459,966.9278871401108,1030.0996492115764,1110.0879969585192
2.29,965.7047642928251,965.8444508529344,1025.3661083144013,1031.9704958809155
2.3000000000000003,966.4248590143374,965.4214324980699,1024.4688709265135,1032.4989879553036
2.31,967.7241425864747,965.8287581339703,1020.0850843289967,1023.3721295410343
2.32,969.2788803681632,968.1807950872783,1036.3289300058032,1035.2392526590584
2.33,973.4078295806139,969.4660585981387,1087.6638181939666,1102.649204097725
2.34,974.14544706861,969.8964055594164,1030.3468850091708,1055.1420818293495
2.35,973.2325530930505,971.4181284384871,1038.565294329144,1080.9353913513328
2.36,973.9671669753643,972.0394410546907,1076.3132364685919,1067.4683775662975
2.37,975.1789874404989,971.148036076421,1095.2760589027048,1065.1012334056106
2.38,975.7504245975092,970.4174470441736,1072.6351141041282,1031.868237396226
2.39,976.3854739577719,970.2257269227399,1050.0438947752232,1086.3118596297006
2.4,975.5291529858104,969.7361546591044,1073.3842333186353,1070.9305469724568
2.41,976.1455949084439,968.7474746328934,1163.5986181935173,1053.7766988122207
2.42,975.3369439126268,969.8794051179026,1089.9359732838839,1079.0847354351224
2.43,975.0852330956166,970.1634005667672,1121.3772629795433,1056.8488980293037
2.44,975.1611088135353,970.7775140283467,1128.7054716611724,1037.65349132973
2.45,974.0408697250062,970.9202681296669,1019.9881923641985,1038.6048830327964
2.46,974.7516085286674,970.4479858465025,1019.501839929647,1077.689183267835
2.47,975.8003815354084,970.0563726802762,1023.8279590988741,1030.5752755382427
2.48,977.0170969911294,970.208100057267,1236.4969340572147,1026.8055722299155
2.49,975.8060660997089,970.3198469201437,1027.1717485174267,1029.1507734869795
2.5,976.3247523766603,970.0367240742243,1052.9037917492897,1033.7805579497667
2.5100000000000002,980.3298645907306,969.3840604459447,1191.0612837981914,1021.4412103381827
2.52,981.0152911562477,969.9730718184708,1094.3031760861159,1024.2303328795897
2.5300000000000002,981.2029302156204,970.588811378139,1087.8765906197973,1031.7154263975008
2.54,980.4601101743924,971.1162653795907,1070.8944733293963,1044.374706002332
2.5500000000000003,980.2103615961526,972.3010068639963,1045.8795099947324,1078.5606162122137
2.56,980.3659390388912,973.2759710612099,1051.871399876813,1061.555381142748
2.57,980.4484439164908,974.3058747950457,1042.541511722792,1060.5536087686623
2.58,979.7830101299729,974.0825182290276,1092.6984669882238,1040.397808144545
2.59,978.2871414094269,973.0568919987492,1040.8473845556086,1019.048525917163
2.6,979.1118266270776,970.8617440618588,1241.614396471315,1022.2887683824858
2.61,976.410785016965,969.7707409757993,1040.418630469266,1023.7410791253187
2.62,973.1454121836181,970.7676895643414,1036.1999357591958,1092.2827158411305
2.63,970.9965614790331,970.8578308404853,1045.3056350965353,1043.8004957282033
2.64,968.8967260891663,970.6347098482364,1021.5246880624875,1023.7953544479408
2.65,967.0322440595293,970.795527130615,1012.5353941575526,1016.7233299512288
2.66,965.8405459634474,970.9282040098517,1025.7478960265978,1027.5750083314
2.67,965.6784830774693,972.0332838911517,1039.155143741253,1022.1239084599471
2.68,965.7978260772319,974.0423952574297,1097.540102837294,1021.0600196701537
2.69,964.6459257581864,974.5929550373559,1040.1536008114806,1062.2492077704442
2.7,964.5637524979236,975.2650561504998,1041.6759488290352,1078.3625261279133
2.71,963.9334542790881,973.8015660936288,1012.6986779533269,1032.053654394387
2.72,963.8412392143287,971.3540177737274,1017.4697795024183,1038.6236191878727
2.73,964.3639931644473,969.327959763586,1018.774473145426,1035.9888723778672
2.74,965.0637085940036,967.8180366397215,1048.28689036265,1018.9230038065677
2.75,964.5579000708354,968.6796911451952,1078.191156612177,1031.9901808373895
2.7600000000000002,963.044860215684,969.4339559063922,1023.9394250770375,1044.611392192357
2.77,962.8762226253975,969.4393730851064,1020.4818883503849,1029.06449505547
2.7800000000000002,963.0953707763401,967.9874173875992,1018.4777070202377,1060.4832119208863
2.79,962.8567650322586,966.3010251530098,1019.0860472284406,1021.1201859931547
2.8000000000000003,962.517167961507,965.1663029362074,1027.3791407228068,1020.1828706648528
2.81,962.4740691066829,964.0426313766594,1019.6336433778047,1014.631279428074
2.82,962.193778815616,963.2816702341686,1020.4547974979027,1015.406214659216
2.83,961.9394778899415,962.9003647650818,1013.9945132241231,1011.5224635270067
2.84,961.6378830671679,962.5199725955205,1010.4529164811935,1014.3805055334949
2.85,961.6238112344904,962.9470000050819,1013.583406900532,1087.6552654141158
2.86,961.9194059796479,962.881725152481,1015.2730757890711,1075.8096046180672
2.87,962.9329546347357,962.4257689700488,1010.3786251551975,1016.5213743583184
2.88,964.4274670417178,962.6712893952373,1012.9019900440029,1078.4802749543383
2.89,965.6817285096236,963.0179135256149,1013.5579784742245,1112.5807819475435
2.9,966.5695105753751,962.2286545467941,1011.4454891284281,1030.2638232321258
2.91,966.8368723768864,961.5227385999939,1013.8114772236509,1018.3844343891654
2.92,966.4627180959257,961.2147880837389,1012.7993983519642,1020.4428031753681
2.93,965.4175193367787,960.622331138333,1008.9101288245305,1021.8968972120368
2.94,964.696720130868,959.8999250359428,1011.3017329108316,1023.309915777532
2.95,964.6360710909222,958.6870219254159,1014.9120565785161,1020.4105174378747
2.96,965.0094888992055,957.2258835480151,1011.8004340229703,1014.1180893879011
2.97,966.1743384687239,956.1487263536823,1014.7078544416038,1015.8378794543381
2.98,967.6610324880737,955.2366420286107,1013.9197805548638,1015.6307138852659
2.99,968.3646602236579,954.6391815980771,1020.8097706461394,1015.0328363701901
3.0,968.4554761219525,954.3697847719635,1013.4340859348264,1012.2740594272843
3.0100000000000002,968.4178706135074,954.3264514943099,1013.6601301591419,1010.1215616582458
3.02,967.9497632505378,954.1314465556991,1014.2797666224809,1008.2744031120194
3.0300000000000002,967.3141601969314,953.9859320330871,1011.6085943922986,1008.3336921080522
3.04,966.4823387657026,953.9764371591225,1009.7219964012013,1010.7072382654175
3.0500000000000003,965.8742400001187,954.1257937654706,1014.9483933320455,1014.4755319505255
3.06,965.6817265448974,954.2787496455144,1012.1766835424669,1013.1076011612801
3.0700000000000003,965.8127981500423,955.0067101934723,1011.8029756831883,1016.3011994760361
3.08,966.077200463325,957.1437792002688,1007.5199419701596,1010.7463672445574
3.09,966.6367468805804,956.5546080623506,1014.0359554311793,1011.9687271093728
3.1,967.3147308394573,955.6568138214557,1006.4127391680468,1016.5836411289409
3.11,968.3675243924696,957.1712425176452,1017.5372639118174,1172.4062524052792
3.12,969.5482997718733,956.3656836516456,1038.8360012794678,1082.810723434549
3.13,970.2791584848411,956.4295508219412,1043.9718919127981,1047.2922874019982
3.14,970.4313894641068,956.200740072518,1037.5364939687893,1029.5693834008446
3.15,969.520072934302,955.7127221786227,1022.6240355020664,1015.0929392628613
3.16,969.1900236117557,955.9931674024969,1014.1140076301142,1021.1271502141058
3.17,969.4096988081218,956.702636784813,1007.6083455847046,1027.0475016589896
3.18,968.9442671280499,956.9171539343363,1006.8553822207427,1021.4385336014609
3.19,968.6021263283532,957.0098875765714,1008.1435860650511,1011.0161379158254
3.2,968.3777355830666,958.0161063453758,1006.2832152450064,1017.1385336645792
3.21,968.1024040298981,959.3476438181392,1006.110981548066,1019.8807972030261
3.22,967.9076898672386,960.3550568116282,1005.1724438346893,1012.0077474853952
3.23,968.0552632332302,960.8447264455664,1005.7730587713302,1019.7321199870349
3.24,968.5773769990614,960.8272609300179,1008.4471981579766,1031.8915764201258
3.25,969.2987117686027,960.2962525183581,1032.4105574299108,1025.065061235431
3.2600000000000002,970.1249058565061,960.7937848093911,1011.0726047579825,1018.4664108681384
3.27,971.1060158550392,961.5963548121642,1034.850705164335,1015.2872864657991
3.2800000000000002,971.6212577565412,961.0184891149112,1012.0868637300812,1008.6411387786284
3.29,971.9046650192039,960.4711581536232,1019.0240044280639,1014.7349898970375
3.3000000000000003,971.8696808267918,959.5592524345906,1016.8654870163537,1009.0984637231244
3.31,971.6532299355991,958.3263722983928,1016.1881616810417,1009.2999739039088
3.3200000000000003,971.4794740384556,957.3612906142519,1009.5120078770972,1009.6680396125473
3.33,971.4522494839401,957.8701584620239,1013.539843725547,1010.0377506122369
3.34,971.4712935769666,960.3486128817856,1012.5168652194991,1019.0845067202766
3.35,972.0228725033971,963.4073084924576,1010.0527023001578,1009.9430643698114
3.36,972.966015148877,966.599696317644,1012.6435709885628,1037.3636358685762
3.37,973.635874837097,967.8763129721988,1015.2461496096598,1017.139837462001
3.38,974.3307077881365,968.3859076105609,1012.2625860962302,1022.0530754313762
3.39,975.4164922523873,968.7583840488436,1016.8697163733933,1025.2933667967663
3.4,975.8297669715412,969.7092739614208,1013.158759587345,1022.3504860288448
3.41,976.2962519595877,971.3020529239133,1017.5519241087286,1020.9374081470631
3.42,976.707286771706,973.7839338613626,1013.6473749098794,1024.1376567080167
3.43,976.7946214209285,974.4241142873651,1024.0126466895995,1026.325635392174
3.44,977.0786395004734,974.5883625941102,1023.2911879926114,1017.3764864417113
3.45,977.0607267043342,975.8896264824169,1012.7695894335995,1022.8943069394816
3.46,977.3099216933713,977.6280745484714,1010.8248933749977,1034.4797973343361
3.47,978.7078485965367,978.6493412616887,1040.2822879485072,1026.893825790725
3.48,979.1953737963895,979.5458843471436,1011.3424665077249,1024.64109791971
3.49,980.033531350402,980.9500701728771,1018.7386830643438,1087.8016857966038
3.5,980.9736501981241,980.3011562815847,1020.7206743672159,1021.1647139263299
3.5100000000000002,981.3607574791987,979.7587982948513,1017.8312883386109,1020.7698615636934
3.52,981.2182404279796,979.115861289183,1010.979386738768,1017.1224178465525
3.5300000000000002,980.7233708843951,980.1228977330522,1013.492622233591,1031.3461225828553
3.54,979.885357206534,981.1159666738852,1009.0841452304193,1030.6768427191469
3.5500000000000003,979.2885149606097,982.6803000538328,1009.672884134744,1052.9919341838706
3.56,978.9943179627475,982.2600371815149,1010.6103311772722,1044.0113825201083
3.5700000000000003,978.858487017916,980.8471725461417,1008.2865926382456,1016.2797198145639
3.58,978.872858134795,980.1694443669369,1008.0371239797635,1030.4841322231246
3.59,979.0692954141217,979.94457819911,1007.2121821831729,1020.4226979419751
3.6,980.3134271263259,979.8453725876284,1043.6962802798305,1018.7919712091593
3.61,980.7154410267898,979.5448188016525,1055.908376736978,1015.4088309538305
3.62,980.5328615574247,979.309471538015,1021.7016180592476,1011.7541323430313
3.63,980.6753901349782,979.1826608439111,1016.1950438833048,1015.7882780001898
3.64,980.5356747087177,978.350797266071,1019.1754828779879,1010.6450104452962
3.65,980.787747100753,977.5519793287839,1018.033390233402,1010.7829425747534
3.66,980.8755769547913,977.0704696037367,1013.6108204880894,1011.1649251930237
3.67,980.8780534512041,977.478181973028,1016.5345437706712,1039.036221876791
3.68,980.7230169119473,977.7493747713028,1043.271306818984,1010.5970690961173
3.69,980.4058747960053,978.2861050529838,1047.3143966250204,1010.589961293565
3.7,979.7978768840665,978.6137044669634,1011.508534463984,1016.4115281597352
3.71,979.180853306134,978.6416809388876,1008.5561190417731,1016.1118757342942
3.72,978.7271833013858,978.7544489588886,1009.8145656655272,1013.0942642000349
3.73,978.4977336325818,978.9526534928921,1008.1712723658264,1013.5461763608018
3.74,978.308383163243,979.4554574422083,1016.0736060633816,1013.694926391352
3.75,978.1954037354888,979.3744615061551,1024.666047090494,1016.3788023563761
3.7600000000000002,978.0472563053822,979.5278443981953,1017.6936244327665,1013.9739771996342
3.77,978.0084806504644,979.8597840096296,1019.9428983156072,1012.5472468860619
3.7800000000000002,977.9456073750936,980.1550540045508,1016.9848825204991,1015.0578590852591
3.79,977.8031267806277,980.8591072719613,1014.3371917787515,1009.996546663876
3.8000000000000003,977.7761502509974,981.8224565990573,1011.3499028091444,1012.641593638889
3.81,978.6053871226949,982.7477924869737,1133.427241347272,1012.3023044924134
3.8200000000000003,978.5437077139378,983.1235393407909,1027.7600903851005,1010.4736895173323
3.83,978.8149589201197,983.3218917242149,1016.6134247466204,1014.9045684939924
3.84,979.3737227504122,983.1460678941568,1014.1364878733499,1011.5774891253195
3.85,979.9324929504302,982.8722301185579,1015.7637449079955,1008.795017826739
3.86,980.4198981714716,982.9559731035398,1012.0747884385918,1011.2577744851617
3.87,980.8067081895132,983.2913151112732,1015.0741929637428,1011.3955198439238
3.88,980.7980794672417,983.3207346255272,1012.3652090719401,1008.5443838604984
3.89,980.5245357206837,983.7150613721606,1012.8476214987057,1007.7859006699241
3.9,980.2670928954467,984.1658448578871,1010.2360810368414,1006.640685771876
3.91,979.8777276252517,984.4630601049921,1010.7911678313451,1007.2964842869244
3.92,979.2099841273355,984.6958376469445,1010.5873173186135,1008.3290126356062
3.93,979.4609853464409,984.9055277041782,1055.6015902608735,1010.5477546642463
3.94,980.4201238578859,985.1675107846811,1114.689173884282,1012.5230777792585
3.95,980.3720870196429,985.5972536028755,1054.9392634712071,1009.9281503135669
3.96,982.544155116945,986.2017749776976,1118.184682255548,1013.1791374176199
3.97,982.0638063791898,986.4697488896301,1015.7152338501832,1011.7688583764246
3.98,981.8759599426468,986.3607269288121,1012.9217509851412,1008.7269313301047
3.99,981.945457882765,986.2963753277057,1015.5320384466638,1009.912533740476
4.0,982.3564029772099,986.6021417469365,1013.6189400349476,1009.2462561736212
4.01,982.5886664613504,986.9793500732187,1011.1524206922505,1011.2330094516107
4.0200000000000005,982.1319619829061,987.160306026364,1009.0674310031975,1011.5610482139207
4.03,981.7665875314499,987.1862156912016,1010.2762940099831,1015.990893337407
4.04,981.3622717538864,987.2297562778142,1010.4430017929659,1010.7755260517993
4.05,981.135968453403,986.8965873022217,1008.388796529246,1009.7580133680306
4.0600000000000005,980.8316000275064,986.5508024592317,1009.3738119460593,1010.9227416897475
4.07,980.8203460242795,986.288527763512,1007.9195252529088,1010.3197062288305
4.08,980.8660686994515,986.2216462444594,1008.6016729381435,1012.2654681386372
4.09,980.7402758116767,986.1963310242064,1009.4303105436654,1012.7909812184621
4.1,980.9711898516728,986.3055804105601,1005.9693152433154,1017.2373348311403
4.11,980.9525546214494,986.4959891485763,1007.3479133667435,1011.6173851600674
4.12,980.44755010949,986.8277325992395,1008.9897669417743,1009.7625453130311
4.13,979.9473647475402,986.8647616058822,1007.5318033006047,1006.9506582030766
4.14,979.2160197609317,986.7640424308678,1008.5059779261728,1007.628265340221
4.15,978.4221039697537,986.7150355935046,1008.1464760335384,1006.5365532489917
4.16,977.5300893761641,986.5717825297982,1009.6787963056541,1006.6812612259839
4.17,976.6963309627888,986.4260362655093,1006.1061738375671,1009.1102073214925
4.18,975.662728865415,986.301196380538,1006.507027286134,1010.864764147803
4.19,974.5661573089352,986.206240615267,1006.3859423518669,1008.79799999624
4.2,973.929439312361,986.1494515700134,1005.7647283413153,1007.1701428527512
4.21,973.8242033319084,986.156453722357,1010.8817757961376,1006.946662941187
4.22,974.2179935494162,986.4361036679651,1019.8219714235948,1008.7088729506324
4.23,974.8774577999542,986.8145206291462,1009.0800455891844,1008.2003186359934
4.24,975.7053298881833,987.1853307775845,1010.3847090403153,1008.0730908506556
4.25,977.0572697706864,987.5721396141623,1013.0286863458433,1007.6233376800656
4.26,978.0483254479647,988.0026679106926,1016.0204529312936,1009.216043423056
4.2700000000000005,978.8121138391856,988.2805479293065,1016.574715448085,1008.7218852356198
4.28,979.6223559419717,988.492952283457,1024.8157880768722,1007.6489428609286
4.29,980.0269020419263,988.8165526521265,1008.9783795586578,1006.4695574942369
4.3,980.3672731173365,989.0165512189153,1008.2103486387731,1006.3704716841561
4.3100000000000005,980.3456299799715,989.0612598913116,1007.8415628566119,1006.4201121715586
4.32,980.6581239774303,989.166801939211,1007.4200830000573,1007.2169511513479
4.33,980.9496961639827,989.2713964750817,1008.1508507615222,1008.4498984690024
4.34,981.3329010310578,989.2222137915066,1011.2462698918496,1008.3048368469734
4.3500000000000005,981.7277850766955,989.0643557972219,1008.3604351624039,1008.6336089522995
4.36,982.5319911906574,988.7532456120672,1006.9383544807883,1007.425844302929
4.37,983.1773391053603,988.453685294041,1013.6189480683879,1007.0902100447697
4.38,983.3682157569542,987.9996699464637,1009.9638321376444,1009.144380295642
4.39,983.6543083258301,987.4176746249111,1009.4450356582668,1007.8069032336695
4.4,983.7626137113118,986.8483640318548,1007.4936198654578,1008.0201733273117
4.41,983.7489840163876,986.3871047985787,1007.0913486589591,1006.8419467476243
4.42,983.6045570656545,986.0140206802175,1007.0134450287429,1005.5025422420476
4.43,983.6109403131375,985.6214982147212,1006.5564467451911,1005.9441219209814
4.44,983.8484694929781,985.1637984781939,1006.8784804263876,1005.9091727415246
4.45,984.0907444959016,984.8918590944122,1006.5222930285346,1007.0492437776385
4.46,984.3343781284347,984.6226546388036,1005.8059730513553,1008.8607686792031
4.47,984.4130982757993,984.5609553363113,1004.1977004306746,1010.671515284152
4.48,984.555790928611,984.5699973203546,1004.6320061016689,1010.9693665293232
4.49,984.7710935056195,984.5424076667341,1005.4501544787175,1010.1942318135435
4.5,985.2368993049789,984.4871103455407,1006.2605675234654,1007.943490293608
4.51,986.048056823203,984.5444564347526,1006.1633091086907,1007.4956535959029
4.5200000000000005,986.8754692825131,984.6636593874832,1006.5348740199074,1004.8364144811206
4.53,987.674932289547,984.6518470738646,1007.5829132263642,1005.5166603563532
4.54,988.3721667225955,984.5539258004055,1008.2116947089605,1005.519297555273
4.55,988.796146356109,984.3126131775072,1005.0157932801047,1005.7681551758816
4.5600000000000005,989.3068320302896,984.0909230108404,1005.3038926943373,1006.4100021178676
4.57,989.8630829915696,983.7351738996762,1004.5398293404254,1006.1522109173076
4.58,990.3574186586249,983.5154645472594,1004.9649128612577,1005.6453837771402
4.59,990.7931264657307,983.1841467798329,1008.6403570165439,1005.0234952662909
4.6000000000000005,991.2168308001579,983.0088165598944,1013.4790697522467,1006.3745991687049
4.61,991.6787906901956,982.7782310025581,1017.1828308745995,1005.9462287666366
4.62,991.9793319714266,982.544936077318,1014.6656574326358,1004.3363106909338
4.63,991.9814239870993,982.3460258431062,1017.8702852512748,1004.413643839478
4.64,991.8015868740446,982.078912039498,1012.1202294846062,1005.8216619327612
4.65,991.8228356356176,981.8642759420015,1013.6365925157081,1005.6418008499795
4.66,991.6450289800089,981.8484473025071,1009.6019432656208,1005.0954766195878
4.67,991.5269406084457,981.9104601959,1007.8300238349096,1005.6119644025231
4.68,991.4049036947563,981.9909432624743,1013.3395990010067,1006.8320494485638
4.69,991.2133675397484,982.1805885144491,1011.215035379692,1007.5116638094653
4.7,990.7714877741108,982.2526938195253,1005.890754246383,1007.4357098066494
4.71,990.4697141499356,982.4460959734051,1005.1874691835451,1005.5616956551498
4.72,990.3195213856185,982.8431570870655,1006.81499746377,1005.8729725964818
4.73,989.8167337951886,983.1468464296463,1007.5811485950426,1005.7232786269345
4.74,989.3598971923138,983.605652814058,1008.2388821903801,1005.2301418874007
4.75,989.0139606347165,984.1336570386057,1009.3825785872486,1006.714994097749
4.76,988.8359392702482,984.6160683017814,1011.3573918151876,1007.3119029816562
4.7700000000000005,988.7982586737336,985.266466287658,1009.2275643961161,1006.1223671786798
4.78,988.7705293929048,985.9409306577271,1005.8684634150002,1006.0378158251953
4.79,988.6862986090007,986.768327609746,1004.5585659884434,1006.8012843518816
4.8,988.5683113860763,987.4902567342824,1005.14830338997,1007.9179071788799
4.8100000000000005,988.5361476803384,988.3989144244094,1003.9806660891627,1006.9140449200751
4.82,988.602545885459,989.4656818387119,1004.3256522256683,1006.1601840801134
4.83,988.7316857377633,990.3991192784722,1004.6306671483405,1006.3193503667009
4.84,988.9546436243022,991.0306314778387,1005.4646105716312,1005.1268602459587
4.8500000000000005,989.1245749587454,991.547792774685,1004.6646369484989,1006.0521541942779
4.86,989.4293803607635,992.1169173906007,1004.5472102898158,1007.7381001089647
4.87,989.805833999769,992.4382613941524,1005.4546252613115,1007.8410621763474
4.88,990.0634408450603,992.4213015005748,1007.2076859131519,1005.4297614488097
4.89,990.3591349360008,992.4943708521432,1008.4194562393284,1006.8410125718028
4.9,990.5097966584225,992.694881576751,1007.3262837285895,1006.3233962918038
4.91,990.6071662837397,993.0410579648782,1004.5227525621833,1006.4552906004466
4.92,990.6593180514041,993.2393035610136,1004.656700358216,1005.3675915393952
4.93,990.809168942546,993.3971368170061,1004.2419184857774,1007.1444845203339
4.94,991.0702861900007,993.5074907819838,1005.146800552688,1008.1126298722355
4.95,991.3849511122802,993.5033768323825,1004.842834870558,1009.408745252874
4.96,991.4151323629161,993.449976743185,1006.064199594122,1013.8149772651145
4.97,991.2634994762138,993.3082740329687,1005.5410943877963,1012.2760420849153
4.98,991.1889183907997,993.131788698303,1004.529515835241,1007.1525367224558
4.99,991.2365147395938,992.8442620671733,1004.0234181475953,1007.4650674670677
5.0,991.3032881489763,992.5381995193081,1004.9642643973621,1009.2741543353814
5.01,991.302640039492,992.2386206113023,1005.6304372722104,1009.7144427948022